City_ID,City,Country,Date,Lat,Lng,Max Temp,Humidity,Cloudiness,Wind Speed,Current Description
0,Mataura,NZ,2022-07-28 19:47:38,-46.1927,168.8643,47.48,98,100,3.13,overcast clouds
1,Ushuaia,AR,2022-07-28 19:47:39,-54.8,-68.3,46.06,53,75,17.27,broken clouds
2,Lavrentiya,RU,2022-07-28 19:46:52,65.5833,-171.0,43.7,88,100,4.94,overcast clouds
3,Khatanga,RU,2022-07-28 19:44:24,71.9667,102.5,59.31,69,53,5.06,broken clouds
4,Dwarka,IN,2022-07-28 19:47:39,22.2394,68.9678,81.54,78,88,11.97,overcast clouds
5,Esperance,AU,2022-07-28 19:47:40,-33.8667,121.9,57.16,81,1,12.37,clear sky
6,Atuona,PF,2022-07-28 19:46:33,-9.8,-139.0333,76.73,77,28,24.96,light rain
7,Padang,ID,2022-07-28 19:42:55,-0.9492,100.3543,78.31,85,100,4.16,light rain
8,Port Blair,IN,2022-07-28 19:47:40,11.6667,92.75,82.44,83,40,3.44,mist
9,Canico,PT,2022-07-28 19:47:41,32.6333,-16.85,75.7,78,20,11.5,few clouds
10,Albany,US,2022-07-28 19:44:27,42.6001,-73.9662,90.05,54,100,7.49,overcast clouds
11,Westport,US,2022-07-28 19:47:41,41.1415,-73.3579,91.31,63,0,6.91,clear sky
12,Henties Bay,NA,2022-07-28 19:47:41,-22.116,14.2845,54.3,89,35,7.49,scattered clouds
13,Port Alfred,ZA,2022-07-28 19:47:42,-33.5906,26.891,63.18,86,1,14.07,clear sky
14,Saldanha,ZA,2022-07-28 19:47:42,-33.0117,17.9442,59.05,87,14,11.16,few clouds
15,Barrow,US,2022-07-28 19:47:42,71.2906,-156.7887,33.4,99,100,12.33,light snow
16,Kahului,US,2022-07-28 19:47:43,20.8947,-156.47,84.97,63,20,12.66,few clouds
17,Grand-Santi,GF,2022-07-28 19:47:43,4.25,-54.3833,81.28,90,100,1.68,overcast clouds
18,Jaszkarajeno,HU,2022-07-28 19:47:43,47.05,20.0667,80.92,43,0,4.61,clear sky
19,Norman Wells,CA,2022-07-28 19:47:44,65.282,-126.8329,60.84,63,75,6.91,broken clouds
20,Morehead,US,2022-07-28 19:47:44,37.2711,-87.1764,88.79,73,75,6.91,broken clouds
21,Labuhan,ID,2022-07-28 19:47:45,-6.8844,112.2051,75.65,86,68,7.76,broken clouds
22,Stolin,BY,2022-07-28 19:47:45,51.8912,26.846,59.0,70,97,5.35,overcast clouds
23,Hilo,US,2022-07-28 19:47:46,19.7297,-155.09,85.28,76,20,3.44,few clouds
24,Punta Arenas,CL,2022-07-28 19:46:18,-53.15,-70.9167,44.71,81,75,28.77,light intensity shower rain
25,Cape Town,ZA,2022-07-28 19:45:03,-33.9258,18.4232,60.89,81,75,19.57,broken clouds
26,Busselton,AU,2022-07-28 19:47:46,-33.65,115.3333,59.81,83,100,18.52,overcast clouds
27,Clyde River,CA,2022-07-28 19:47:46,70.4692,-68.5914,39.43,100,100,13.8,light rain
28,Faanui,PF,2022-07-28 19:47:47,-16.4833,-151.75,79.39,71,1,24.65,light rain
29,Kodiak,US,2022-07-28 19:47:47,57.79,-152.4072,60.31,67,0,5.75,clear sky
30,New Norfolk,AU,2022-07-28 19:47:47,-42.7826,147.0587,42.3,84,7,1.01,clear sky
31,Montijo,PT,2022-07-28 19:47:48,38.7067,-8.9739,72.01,75,20,14.97,few clouds
32,Kaitangata,NZ,2022-07-28 19:47:48,-46.2817,169.8464,41.77,92,100,8.77,overcast clouds
33,Pulandian,CN,2022-07-28 19:47:49,39.3953,121.9669,74.08,96,84,4.52,broken clouds
34,Vaini,TO,2022-07-28 19:47:49,-21.2,-175.2,73.56,100,20,6.91,few clouds
35,Avarua,CK,2022-07-28 19:47:49,-21.2078,-159.775,77.05,83,40,23.02,scattered clouds
36,Fomboni,KM,2022-07-28 19:47:50,-12.28,43.7425,75.33,78,28,12.28,light rain
37,Ribeira Grande,PT,2022-07-28 19:47:50,38.5167,-28.7,75.6,69,75,5.75,broken clouds
38,Hobart,AU,2022-07-28 19:47:51,-42.8794,147.3294,42.66,83,75,11.5,broken clouds
39,La Libertad,EC,2022-07-28 19:47:51,-2.2333,-80.9,74.86,73,20,11.5,few clouds
40,Thompson,CA,2022-07-28 19:47:51,55.7435,-97.8558,73.56,38,20,8.05,few clouds
41,Torbay,CA,2022-07-28 19:46:22,47.6666,-52.7314,62.76,89,100,16.11,mist
42,Ocos,GT,2022-07-28 19:47:52,14.5094,-92.1933,87.98,72,100,7.72,overcast clouds
43,Jackson,US,2022-07-28 19:46:37,42.4165,-122.8345,100.92,31,0,3.44,clear sky
44,College,US,2022-07-28 19:46:07,64.8569,-147.8028,63.0,66,40,0.0,scattered clouds
45,Iqaluit,CA,2022-07-28 19:47:52,63.7506,-68.5145,56.93,62,100,5.75,overcast clouds
46,Bluff,NZ,2022-07-28 19:47:53,-46.6,168.3333,47.8,75,100,11.74,overcast clouds
47,Iguape,BR,2022-07-28 19:48:53,-24.7081,-47.5553,77.43,57,100,2.89,overcast clouds
48,Kupang,ID,2022-07-28 19:48:53,-10.1667,123.5833,73.69,75,43,12.48,scattered clouds
49,Provideniya,RU,2022-07-28 19:48:54,64.3833,-173.3,48.96,84,97,3.78,overcast clouds
50,Upernavik,GL,2022-07-28 19:48:54,72.7868,-56.1549,43.05,69,100,5.75,overcast clouds
51,Qaqortoq,GL,2022-07-28 19:48:54,60.7167,-46.0333,47.35,70,48,5.03,scattered clouds
52,Marsa Matruh,EG,2022-07-28 19:48:55,31.3525,27.2453,80.8,74,0,5.75,clear sky
53,Nikolskoye,RU,2022-07-28 19:48:55,59.7035,30.7861,61.81,78,100,3.74,overcast clouds
54,Polson,US,2022-07-28 19:48:55,47.6936,-114.1632,94.21,42,1,2.98,clear sky
55,Ochakiv,UA,2022-07-28 19:48:56,46.6128,31.5498,75.83,65,6,7.11,clear sky
56,East London,ZA,2022-07-28 19:48:56,-33.0153,27.9116,69.85,57,15,16.93,few clouds
57,Yarada,IN,2022-07-28 19:48:57,17.65,83.2667,80.92,94,20,2.3,mist
58,Butaritari,KI,2022-07-28 19:48:57,3.0707,172.7902,81.93,72,41,15.32,scattered clouds
59,Oistins,BB,2022-07-28 19:45:05,13.0667,-59.5333,87.89,62,40,20.71,scattered clouds
60,Fairbanks,US,2022-07-28 19:46:47,64.8378,-147.7164,63.01,65,20,5.01,few clouds
61,Lodja,CD,2022-07-28 19:48:58,-3.4833,23.4333,77.54,58,100,2.51,overcast clouds
62,Balkhash,KZ,2022-07-28 19:48:58,46.844,74.9804,78.35,42,68,6.49,broken clouds
63,Bilibino,RU,2022-07-28 19:48:59,68.0546,166.4372,50.99,54,11,4.23,few clouds
64,Puerto Madryn,AR,2022-07-28 19:46:01,-42.7692,-65.0385,54.43,47,4,23.76,clear sky
65,Nanortalik,GL,2022-07-28 19:48:59,60.1432,-45.2371,45.43,81,39,6.78,scattered clouds
66,Batemans Bay,AU,2022-07-28 19:48:59,-35.7167,150.1833,43.84,91,88,5.12,overcast clouds
67,Hasaki,JP,2022-07-28 19:49:00,35.7333,140.8333,77.4,90,79,10.94,broken clouds
68,Beloha,MG,2022-07-28 19:49:00,-25.1667,45.05,63.59,84,4,11.52,clear sky
69,Sandpoint,US,2022-07-28 19:48:30,48.2766,-116.5533,96.85,33,0,5.75,clear sky
70,Faya,SA,2022-07-28 19:49:01,18.3851,42.4509,71.71,56,100,1.39,overcast clouds
71,Vao,NC,2022-07-28 19:49:01,-22.6667,167.4833,69.03,66,100,12.41,overcast clouds
72,Yellowknife,CA,2022-07-28 19:46:21,62.456,-114.3525,64.92,68,75,10.36,broken clouds
73,Finschhafen,PG,2022-07-28 19:49:02,-6.6024,147.8681,78.48,78,87,7.92,overcast clouds
74,Rikitea,PF,2022-07-28 19:49:02,-23.1203,-134.9692,73.45,73,91,21.36,overcast clouds
75,Lorengau,PG,2022-07-28 19:49:03,-2.0226,147.2712,80.94,81,70,13.98,broken clouds
76,Puerto Ayora,EC,2022-07-28 19:49:03,-0.7393,-90.3518,78.76,93,77,8.99,broken clouds
77,Ponta Do Sol,PT,2022-07-28 19:49:03,32.6667,-17.1,75.7,81,1,2.93,clear sky
78,Dikson,RU,2022-07-28 19:49:04,73.5069,80.5464,43.39,100,100,15.93,overcast clouds
79,Alto Paraguai,BR,2022-07-28 19:49:04,-14.5136,-56.4825,95.11,15,8,7.09,clear sky
80,Kakching,IN,2022-07-28 19:49:05,24.4833,93.9833,69.57,98,100,1.23,overcast clouds
81,Port Elizabeth,ZA,2022-07-28 19:49:05,-33.918,25.5701,61.09,96,0,4.61,clear sky
82,Ulladulla,AU,2022-07-28 19:44:31,-35.35,150.4667,47.48,83,89,6.51,overcast clouds
83,Chokurdakh,RU,2022-07-28 19:49:06,70.6333,147.9167,49.44,48,100,12.48,overcast clouds
84,Rio Grande,BR,2022-07-28 19:49:06,-32.035,-52.0986,62.71,94,100,19.24,light rain
85,Swellendam,ZA,2022-07-28 19:49:07,-34.0226,20.4417,55.99,56,0,3.33,clear sky
86,Mar Del Plata,AR,2022-07-28 19:49:08,-38.0023,-57.5575,50.09,96,100,18.41,heavy intensity drizzle
87,Chuy,UY,2022-07-28 19:49:08,-33.6971,-53.4616,50.32,89,100,14.76,overcast clouds
88,Cherskiy,RU,2022-07-28 19:49:08,68.75,161.3,53.74,50,7,4.0,clear sky
89,Xining,CN,2022-07-28 19:49:09,36.6167,101.7667,55.67,64,99,1.99,overcast clouds
90,Vila Franca Do Campo,PT,2022-07-28 19:49:09,37.7167,-25.4333,73.81,77,11,3.49,few clouds
91,Cobija,BO,2022-07-28 19:49:10,-11.0267,-68.7692,95.18,43,40,9.22,scattered clouds
92,Caazapa,PY,2022-07-28 19:49:10,-26.15,-56.4,75.61,56,100,12.84,overcast clouds
93,Pevek,RU,2022-07-28 19:49:11,69.7008,170.3133,39.61,78,94,2.46,overcast clouds
94,Georgetown,MY,2022-07-28 19:46:03,5.4112,100.3354,80.89,85,20,4.61,few clouds
95,Zhezkazgan,KZ,2022-07-28 19:50:11,47.8043,67.7144,70.29,59,12,14.99,few clouds
96,Mayo,US,2022-07-28 19:50:12,38.8876,-76.5119,94.17,73,75,10.36,broken clouds
97,Yumen,CN,2022-07-28 19:50:00,40.2833,97.2,76.84,13,82,9.42,broken clouds
98,Mill Valley,US,2022-07-28 19:50:10,37.906,-122.545,82.92,82,21,8.99,few clouds
99,Bredasdorp,ZA,2022-07-28 19:50:13,-34.5322,20.0403,52.81,74,0,6.33,clear sky
100,Katsuura,JP,2022-07-28 19:50:13,35.1333,140.3,79.38,91,64,8.99,broken clouds
101,Suluova,TR,2022-07-28 19:50:14,40.8313,35.6479,67.86,73,20,12.66,few clouds
102,Castro,BR,2022-07-28 19:49:58,-24.7911,-50.0119,68.83,54,100,8.08,overcast clouds
103,Kapaa,US,2022-07-28 19:50:14,22.0752,-159.319,80.58,74,100,10.36,light rain
104,Almaznyy,RU,2022-07-28 19:50:15,48.0448,40.045,73.8,53,22,5.03,few clouds
105,Tautira,PF,2022-07-28 19:50:15,-17.7333,-149.15,77.34,77,23,24.23,light rain
106,Cabo San Lucas,MX,2022-07-28 19:50:16,22.8909,-109.9124,93.61,59,18,5.99,few clouds
107,Gombong,ID,2022-07-28 19:50:16,-7.6072,109.5142,72.91,93,77,1.57,broken clouds
108,Montepuez,MZ,2022-07-28 19:50:17,-13.1256,38.9997,66.76,65,61,8.63,broken clouds
109,Shalakusha,RU,2022-07-28 19:50:17,62.2247,40.2539,65.25,96,100,2.68,light rain
110,Auki,SB,2022-07-28 19:50:18,-8.7676,160.7034,76.24,87,76,4.63,broken clouds
111,Varfurile,RO,2022-07-28 19:50:19,46.3167,22.5167,73.83,51,85,3.15,overcast clouds
112,Dingle,PH,2022-07-28 19:50:19,10.9995,122.6711,77.61,90,100,7.38,overcast clouds
113,Igrim,RU,2022-07-28 19:50:20,63.1906,64.4162,59.07,64,2,3.29,clear sky
114,Saskylakh,RU,2022-07-28 19:50:20,71.9167,114.0833,61.2,82,100,6.11,light rain
115,Krasnoselkup,RU,2022-07-28 19:50:20,65.7,82.4667,52.21,82,0,9.35,clear sky
116,Shambu,ET,2022-07-28 19:50:21,9.5667,37.1,51.08,96,100,0.98,light rain
117,Arraial Do Cabo,BR,2022-07-28 19:50:21,-22.9661,-42.0278,84.16,57,0,13.8,clear sky
118,Sohag,EG,2022-07-28 19:50:22,26.557,31.6948,91.69,14,4,6.98,clear sky
119,Ahuimanu,US,2022-07-28 19:50:22,21.4447,-157.8378,83.91,64,20,11.5,few clouds
120,Erdenet,MN,2022-07-28 19:50:23,49.0333,104.0833,47.62,91,100,2.44,overcast clouds
121,Portland,US,2022-07-28 19:50:22,45.5234,-122.6762,96.46,47,20,4.61,few clouds
122,Palana,RU,2022-07-28 19:50:23,59.1167,159.9667,48.2,73,89,2.37,overcast clouds
123,Baglan,AF,2022-07-28 19:50:24,36.1307,68.7083,88.86,26,0,2.17,clear sky
124,Touros,BR,2022-07-28 19:46:57,-5.1989,-35.4608,77.83,78,5,15.46,clear sky
125,Eldorado,BR,2022-07-28 19:48:37,-23.7869,-54.2836,84.69,35,100,3.42,overcast clouds
126,Sao Raimundo Nonato,BR,2022-07-28 19:50:24,-9.0153,-42.6994,88.65,25,0,7.78,clear sky
127,Lompoc,US,2022-07-28 19:46:26,34.6391,-120.4579,86.02,72,0,14.97,mist
128,Ikongo,MG,2022-07-28 19:50:25,-21.8833,47.4333,61.83,99,67,0.54,light rain
129,Constitucion,CL,2022-07-28 19:49:19,-35.3333,-72.4167,58.28,62,0,13.44,clear sky
130,Jamestown,US,2022-07-28 19:50:25,42.097,-79.2353,82.06,42,20,16.11,few clouds
131,Avera,US,2022-07-28 19:50:26,33.194,-82.5271,92.71,52,100,5.5,overcast clouds
132,Bajil,YE,2022-07-28 19:50:26,15.0584,43.2851,91.13,43,96,7.87,overcast clouds
133,Narsaq,GL,2022-07-28 19:50:26,60.9167,-46.05,49.42,60,52,6.08,broken clouds
134,Tura,IN,2022-07-28 19:50:27,25.5198,90.2201,74.19,92,24,2.48,few clouds
135,Bengkulu,ID,2022-07-28 19:50:27,-3.8004,102.2655,75.29,90,87,5.14,overcast clouds
136,Yulara,AU,2022-07-28 19:50:27,-25.2406,130.9889,47.59,34,89,9.66,overcast clouds
137,Oxford,GB,2022-07-28 19:47:37,51.7522,-1.256,69.96,51,0,9.22,clear sky
138,Sistranda,NO,2022-07-28 19:51:28,63.7256,8.834,57.16,66,94,6.31,overcast clouds
139,Jumla,NP,2022-07-28 19:51:28,29.2747,82.1838,62.8,98,100,1.68,overcast clouds
140,Dhidhdhoo,MV,2022-07-28 19:51:29,6.8833,73.1,80.92,80,100,17.54,overcast clouds
141,Bethel,US,2022-07-28 19:50:30,41.3712,-73.414,90.36,69,0,10.36,clear sky
142,Poum,NC,2022-07-28 19:51:29,-20.2333,164.0167,70.99,76,5,10.11,clear sky
143,Ilulissat,GL,2022-07-28 19:50:42,69.2167,-51.1,45.66,62,96,7.0,overcast clouds
144,Saint-Philippe,RE,2022-07-28 19:49:48,-21.3585,55.7679,67.21,84,4,8.86,clear sky
145,Tuktoyaktuk,CA,2022-07-28 19:51:30,69.4541,-133.0374,44.6,93,100,10.36,light rain
146,Carnarvon,AU,2022-07-28 19:51:30,-24.8667,113.6333,70.07,55,100,6.98,overcast clouds
147,Pacific Grove,US,2022-07-28 19:50:23,36.6177,-121.9166,82.22,85,40,10.36,scattered clouds
148,Yar-Sale,RU,2022-07-28 19:51:31,66.8333,70.8333,62.08,63,96,5.64,overcast clouds
149,Lebu,CL,2022-07-28 19:46:49,-37.6167,-73.65,52.43,78,0,14.45,clear sky
150,Okha,RU,2022-07-28 19:51:31,53.5739,142.9478,55.29,92,59,7.43,broken clouds
151,Benin,BJ,2022-07-28 19:51:31,9.5,2.25,71.94,95,100,5.61,moderate rain
152,Kyren,RU,2022-07-28 19:51:32,51.6828,102.1408,53.2,91,55,1.92,broken clouds
153,Killeen,US,2022-07-28 19:47:38,31.1171,-97.7278,100.26,33,40,13.8,scattered clouds
154,Coahuayana,MX,2022-07-28 19:51:32,18.7333,-103.6833,88.9,60,51,6.69,broken clouds
155,Tahe,CN,2022-07-28 19:51:33,52.3333,124.7333,60.96,98,100,3.4,overcast clouds
156,Praia,CV,2022-07-28 19:50:12,14.9215,-23.5087,90.14,31,0,9.22,clear sky
157,Kununurra,AU,2022-07-28 19:51:33,-15.7667,128.7333,51.78,87,19,2.3,few clouds
158,Yuxia,CN,2022-07-28 19:51:33,34.0615,108.6291,74.01,66,1,4.65,clear sky
159,Marsh Harbour,BS,2022-07-28 19:51:34,26.5412,-77.0636,83.53,70,19,13.78,few clouds
160,Pisco,PE,2022-07-28 19:48:15,-13.7,-76.2167,64.45,72,75,9.22,broken clouds
161,Chara,RU,2022-07-28 19:51:34,56.9064,118.2631,63.34,71,100,2.17,overcast clouds
162,Kaoma,ZM,2022-07-28 19:51:34,-14.7833,24.8,54.54,46,26,5.66,scattered clouds
163,Hirara,JP,2022-07-28 19:51:35,24.8,125.2833,84.16,73,19,3.96,few clouds
164,Namibe,AO,2022-07-28 19:51:35,-15.1961,12.1522,61.75,85,11,8.1,few clouds
165,Cravo Norte,CO,2022-07-28 19:51:35,6.3017,-70.2041,73.72,93,100,7.07,overcast clouds
166,Victoria,HK,2022-07-28 19:49:05,22.2855,114.1577,87.33,79,100,4.0,overcast clouds
167,Stromness,GB,2022-07-28 19:51:00,58.965,-3.296,54.88,86,71,11.01,broken clouds
168,Vastseliina,EE,2022-07-28 19:51:36,57.7303,27.2932,54.32,98,63,5.14,broken clouds
169,Mahebourg,MU,2022-07-28 19:50:01,-20.4081,57.7,70.09,78,75,6.91,broken clouds
170,Roald,NO,2022-07-28 19:51:36,62.5833,6.1333,58.12,82,0,10.36,clear sky
171,Saint-Pierre,RE,2022-07-28 19:51:37,-21.3393,55.4781,68.92,81,0,6.91,clear sky
172,Aldan,RU,2022-07-28 19:51:37,58.6031,125.3894,63.18,91,100,3.87,light rain
173,Chapada Dos Guimaraes,BR,2022-07-28 19:51:38,-15.4606,-55.7497,87.46,14,8,5.03,clear sky
174,Magistralnyy,RU,2022-07-28 19:51:38,56.1725,107.4458,55.08,94,100,4.0,overcast clouds
175,Pandan,PH,2022-07-28 19:51:38,14.0453,124.1694,81.18,83,100,7.4,light rain
176,Hermanus,ZA,2022-07-28 19:51:39,-34.4187,19.2345,57.63,74,0,13.47,clear sky
177,Los Llanos De Aridane,ES,2022-07-28 19:49:23,28.6585,-17.9182,72.12,83,20,18.41,few clouds
178,Mount Isa,AU,2022-07-28 19:51:39,-20.7333,139.5,47.97,46,2,8.05,clear sky
179,Heide,DE,2022-07-28 19:51:39,54.2,9.1,60.89,75,98,7.18,overcast clouds
180,Olafsvik,IS,2022-07-28 19:48:01,64.8945,-23.7142,45.46,87,100,16.58,overcast clouds
181,Husavik,IS,2022-07-28 19:51:21,66.0449,-17.3389,52.14,77,25,7.49,scattered clouds
182,Houlton,US,2022-07-28 19:51:18,46.1262,-67.8403,82.81,46,75,9.22,broken clouds
183,Shubarkuduk,KZ,2022-07-28 19:51:40,49.1447,56.4872,73.76,54,7,5.88,clear sky
184,Grand Gaube,MU,2022-07-28 19:51:41,-20.0064,57.6608,70.2,77,2,1.01,clear sky
185,Ponta Delgada,PT,2022-07-28 19:52:41,37.7333,-25.6667,74.12,73,40,9.22,scattered clouds
186,Makat,KZ,2022-07-28 19:52:41,47.6469,53.3463,78.21,53,61,9.84,broken clouds
187,Qaanaaq,GL,2022-07-28 19:49:54,77.484,-69.3632,41.22,68,11,2.95,few clouds
188,Saint George,US,2022-07-28 19:51:36,37.1041,-113.5841,96.26,37,0,5.75,clear sky
189,Aktas,KZ,2022-07-28 19:52:42,49.7789,72.9608,62.35,72,54,6.26,broken clouds
190,Pathein,MM,2022-07-28 19:52:42,16.7833,94.7333,80.02,87,25,5.68,scattered clouds
191,Nuuk,GL,2022-07-28 19:52:42,64.1835,-51.7216,44.29,79,41,8.46,scattered clouds
192,Challapata,BO,2022-07-28 19:52:43,-18.9,-66.7667,57.96,17,85,6.17,overcast clouds
193,Natal,BR,2022-07-28 19:52:43,-5.795,-35.2094,84.42,65,20,16.11,few clouds
194,Liwale,TZ,2022-07-28 19:52:44,-9.7667,37.9333,71.38,50,100,2.64,overcast clouds
195,Bukama,CD,2022-07-28 19:52:44,-9.2,25.85,72.99,33,78,2.37,broken clouds
196,Marawi,PH,2022-07-28 19:52:44,7.9986,124.2928,69.1,92,100,4.7,overcast clouds
197,Sibolga,ID,2022-07-28 19:52:45,1.7427,98.7792,76.08,90,100,2.62,overcast clouds
198,Ambilobe,MG,2022-07-28 19:52:45,-13.2,49.05,66.67,88,15,3.4,few clouds
199,Kibuye,RW,2022-07-28 19:52:46,-2.0597,29.3482,66.97,74,92,2.82,light rain
200,Gasa,PS,2022-07-28 19:52:46,31.5,34.4667,78.87,72,0,6.87,clear sky
201,Tasiilaq,GL,2022-07-28 19:52:46,65.6145,-37.6368,38.7,94,100,3.94,overcast clouds
202,Waipawa,NZ,2022-07-28 19:52:47,-41.4122,175.5153,45.45,89,45,2.28,scattered clouds
203,Sao Joao Da Barra,BR,2022-07-28 19:52:47,-21.6403,-41.0511,78.89,79,51,18.97,broken clouds
204,Margate,GB,2022-07-28 19:52:47,51.3813,1.3862,65.3,70,100,4.0,overcast clouds
205,Souillac,MU,2022-07-28 19:51:09,-20.5167,57.5167,70.18,78,75,6.91,broken clouds
206,Esik,KZ,2022-07-28 19:52:48,43.3552,77.4525,72.82,70,100,7.87,overcast clouds
207,Havelock,US,2022-07-28 19:49:32,34.8791,-76.9013,95.99,77,0,12.66,clear sky
208,Kidal,ML,2022-07-28 19:52:48,18.4411,1.4078,86.13,50,83,18.72,light rain
209,Qasigiannguit,GL,2022-07-28 19:52:49,68.8193,-51.1922,47.46,55,93,5.03,overcast clouds
210,Cidreira,BR,2022-07-28 19:49:57,-30.1811,-50.2056,65.25,93,100,9.95,light rain
211,Barra,BR,2022-07-28 19:52:49,-11.0894,-43.1417,84.97,36,0,5.21,clear sky
212,Vardo,NO,2022-07-28 19:52:49,70.3705,31.1107,49.98,87,100,16.11,overcast clouds
213,Haapiti,PF,2022-07-28 19:52:50,-17.5667,-149.8667,80.33,72,3,22.79,light rain
214,Cap Malheureux,MU,2022-07-28 19:52:50,-19.9842,57.6142,68.47,77,2,1.01,clear sky
215,Namatanai,PG,2022-07-28 19:52:51,-3.6667,152.4333,79.48,79,89,10.87,overcast clouds
216,Sembe,CG,2022-07-28 19:52:51,1.6481,14.5806,69.8,95,100,3.18,overcast clouds
217,Ust-Maya,RU,2022-07-28 19:52:51,60.4167,134.5333,63.25,78,5,2.77,clear sky
218,Batagay,RU,2022-07-28 19:52:52,67.6333,134.6333,70.54,65,99,2.24,overcast clouds
219,San Antonio,US,2022-07-28 19:51:42,29.4241,-98.4936,101.5,38,40,8.05,scattered clouds
220,Tuxtepec,MX,2022-07-28 19:50:10,18.1,-96.1167,86.2,71,65,3.85,broken clouds
221,Ostrovnoy,RU,2022-07-28 19:52:52,68.0531,39.5131,50.25,90,69,14.29,broken clouds
222,Port Shepstone,ZA,2022-07-28 19:50:26,-30.7414,30.455,66.51,89,62,17.2,broken clouds
223,Taoudenni,ML,2022-07-28 19:52:25,22.6783,-3.9836,107.83,13,60,15.84,broken clouds
224,Lata,PT,2022-07-28 19:52:53,40.1629,-8.3327,64.54,79,0,5.99,clear sky
225,Mosquera,CO,2022-07-28 19:52:53,4.7059,-74.2302,59.09,82,75,8.05,broken clouds
226,Atar,MR,2022-07-28 19:51:56,20.5169,-13.0499,103.71,9,0,4.56,clear sky
227,Mogadishu,SO,2022-07-28 19:52:53,2.0371,45.3438,76.1,83,34,17.92,scattered clouds
228,Port Hardy,CA,2022-07-28 19:52:54,50.6996,-127.4199,66.38,77,0,4.61,clear sky
229,Berlin,DE,2022-07-28 19:48:51,52.5244,13.4105,70.95,51,0,5.99,clear sky
230,Kyabram,AU,2022-07-28 19:52:54,-36.3167,145.05,37.87,93,1,7.4,clear sky
231,Tiksi,RU,2022-07-28 19:50:31,71.6872,128.8694,51.6,91,91,5.28,overcast clouds
232,Lezajsk,PL,2022-07-28 19:53:54,50.2626,22.4193,66.92,77,13,5.84,few clouds
233,Rio Claro,BR,2022-07-28 19:53:55,-22.4114,-47.5614,80.11,29,9,6.4,clear sky
234,The Valley,AI,2022-07-28 19:53:00,18.217,-63.0578,86.14,62,40,14.97,scattered clouds
235,Sorland,NO,2022-07-28 19:53:55,67.667,12.6934,53.46,75,51,14.03,broken clouds
236,North Bend,US,2022-07-28 19:53:55,43.4065,-124.2243,78.93,85,0,12.66,clear sky
237,Delijan,IR,2022-07-28 19:53:56,33.9905,50.6838,82.56,48,25,2.73,scattered clouds
238,Mnogovershinnyy,RU,2022-07-28 19:53:56,53.9353,139.9242,56.95,87,100,0.94,overcast clouds
239,Hit,IQ,2022-07-28 19:53:57,33.6416,42.8251,95.9,10,0,10.09,clear sky
240,Egvekinot,RU,2022-07-28 19:52:54,66.3167,-179.1667,41.74,87,100,2.59,light rain
241,Corinto,GR,2022-07-28 19:53:57,37.9407,22.9573,82.89,42,0,3.06,clear sky
242,Lakes Entrance,AU,2022-07-28 19:53:57,-37.8811,147.981,42.17,86,9,14.25,clear sky
243,Cayenne,GF,2022-07-28 19:53:58,4.9333,-52.3333,85.08,7,100,10.36,overcast clouds
244,Severo-Kurilsk,RU,2022-07-28 19:50:10,50.6789,156.125,52.77,92,100,9.06,overcast clouds
245,Khasan,RU,2022-07-28 19:53:58,42.4308,130.6434,70.38,97,100,6.46,overcast clouds
246,Wanning,CN,2022-07-28 19:53:58,18.8003,110.3967,79.54,85,30,5.95,scattered clouds
247,Boueni,YT,2022-07-28 19:53:59,-12.9025,45.0761,75.18,76,1,10.09,clear sky
248,Chicama,PE,2022-07-28 19:51:36,-7.8447,-79.1469,59.54,59,40,10.02,scattered clouds
249,Agadir,MA,2022-07-28 19:51:13,30.4202,-9.5982,73.85,72,0,4.5,clear sky
250,Ambon,ID,2022-07-28 19:52:38,-3.6954,128.1814,77.14,94,75,4.61,broken clouds
251,Fortuna,US,2022-07-28 19:51:57,40.5982,-124.1573,73.92,72,0,10.36,clear sky
252,Woodburn,US,2022-07-28 19:53:40,45.1437,-122.8554,94.48,49,2,3.65,clear sky
253,Hamilton,US,2022-07-28 19:51:32,39.1834,-84.5333,90.59,51,40,12.66,scattered clouds
254,Chapais,CA,2022-07-28 19:54:00,49.7834,-74.8492,62.38,94,100,8.12,overcast clouds
255,Boende,CD,2022-07-28 19:54:00,-0.2167,20.8667,75.4,81,100,1.63,overcast clouds
256,Kitimat,CA,2022-07-28 19:54:01,54.0524,-128.6534,80.98,40,1,1.52,clear sky
257,Poopo,BO,2022-07-28 19:54:01,-18.3667,-66.9667,63.37,13,97,10.36,overcast clouds
258,Orje,NO,2022-07-28 19:54:01,59.4802,11.6602,60.13,69,11,2.13,few clouds
259,Hammerfest,NO,2022-07-28 19:54:02,70.6634,23.6821,48.65,93,75,10.36,broken clouds
260,Powell River,CA,2022-07-28 19:54:02,49.8496,-124.5361,83.03,69,0,8.05,haze
261,Sechura,PE,2022-07-28 19:54:03,-5.5569,-80.8222,77.38,54,7,13.35,clear sky
262,Pangnirtung,CA,2022-07-28 19:54:03,66.1451,-65.7125,50.0,93,100,16.11,fog
263,Codrington,AU,2022-07-28 19:54:04,-38.2667,141.9667,44.92,77,13,5.17,few clouds
264,Igarka,RU,2022-07-28 19:54:04,67.4667,86.5833,50.0,82,0,10.07,clear sky
265,Liverpool,GB,2022-07-28 19:54:04,53.4106,-2.9779,65.91,77,20,5.75,few clouds
266,Talnakh,RU,2022-07-28 19:54:05,69.4865,88.3972,52.21,75,0,8.72,clear sky
267,Sillamae,EE,2022-07-28 19:54:05,59.3997,27.7547,60.91,81,61,11.12,broken clouds
268,Robertsport,LR,2022-07-28 19:54:06,6.7533,-11.3686,76.77,72,98,14.85,overcast clouds
269,Mayumba,GA,2022-07-28 19:54:06,-3.432,10.6554,69.73,90,64,4.5,broken clouds
270,Najran,SA,2022-07-28 19:54:06,17.4924,44.1277,90.25,35,13,4.81,few clouds
271,Longyearbyen,SJ,2022-07-28 19:50:55,78.2186,15.6401,42.64,81,75,18.41,broken clouds
272,Nikki,BJ,2022-07-28 19:54:07,9.9401,3.2108,69.53,98,100,5.44,moderate rain
273,Helong,CN,2022-07-28 19:54:07,42.5397,128.9972,64.24,98,100,3.29,overcast clouds
274,Hofn,IS,2022-07-28 19:54:08,64.2539,-15.2082,51.44,93,100,1.74,overcast clouds
275,Ornskoldsvik,SE,2022-07-28 19:54:08,63.2909,18.7153,54.55,82,100,5.75,overcast clouds
276,Sawtell,AU,2022-07-28 19:54:08,-30.3833,153.1,49.19,93,75,0.0,broken clouds
277,Bandarbeyla,SO,2022-07-28 19:54:09,9.4942,50.8122,76.6,81,59,26.87,broken clouds
278,Srednekolymsk,RU,2022-07-28 19:50:29,67.45,153.6833,51.84,57,6,10.27,clear sky
279,Tarpon Springs,US,2022-07-28 19:55:10,28.1461,-82.7568,95.22,69,75,10.0,broken clouds
280,Farafangana,MG,2022-07-28 19:55:10,-22.8167,47.8333,67.03,84,30,2.62,scattered clouds
281,Zhuji,CN,2022-07-28 19:55:10,29.7188,120.2423,76.01,89,1,1.41,clear sky
282,Nemuro,JP,2022-07-28 19:55:11,43.3236,145.575,59.38,94,83,4.81,broken clouds
283,Taltal,CL,2022-07-28 19:55:11,-25.4,-70.4833,64.06,70,99,6.53,overcast clouds
284,Grindavik,IS,2022-07-28 19:55:12,63.8424,-22.4338,48.67,81,75,10.36,broken clouds
285,Lusaka,ZM,2022-07-28 19:51:13,-15.4067,28.2871,57.13,48,0,5.84,clear sky
286,Sarangani,PH,2022-07-28 19:55:12,5.4033,125.4636,82.94,74,96,9.4,overcast clouds
287,Denpasar,ID,2022-07-28 19:53:00,-8.65,115.2167,78.46,88,40,11.5,scattered clouds
288,Daru,PG,2022-07-28 19:55:13,-9.0763,143.2092,75.9,91,99,18.54,overcast clouds
289,La Macarena,CO,2022-07-28 19:55:13,2.1837,-73.7849,75.6,84,100,2.64,overcast clouds
290,Kaihua,CN,2022-07-28 19:55:14,23.3687,104.28,67.3,92,100,2.19,overcast clouds
291,Banjar,ID,2022-07-28 19:55:14,-8.19,114.9675,75.56,81,88,2.33,overcast clouds
292,Naze,JP,2022-07-28 19:55:15,28.3667,129.4833,79.72,81,24,13.33,few clouds
293,Pop,UZ,2022-07-28 19:55:15,40.8736,71.1089,81.09,23,95,8.46,overcast clouds
294,Road Town,VG,2022-07-28 19:55:15,18.4167,-64.6167,80.64,78,40,10.36,scattered clouds
295,Florencia,IT,2022-07-28 19:53:36,43.7667,11.25,85.68,63,20,3.44,few clouds
296,Badou,TG,2022-07-28 19:55:16,7.5833,0.6,73.76,84,100,2.77,light rain
297,Say,NE,2022-07-28 19:55:16,13.1007,2.3689,90.16,62,100,12.77,overcast clouds
298,Matagami,CA,2022-07-28 19:55:17,49.7502,-77.6328,62.71,82,75,13.8,moderate rain
299,Paris,FR,2022-07-28 19:55:18,48.8534,2.3488,75.36,42,0,5.75,clear sky
300,Kayerkan,RU,2022-07-28 19:55:18,69.3497,87.7602,51.53,87,1,6.64,clear sky
301,Ponferrada,ES,2022-07-28 19:55:18,42.5466,-6.5962,69.8,65,85,5.53,overcast clouds
302,Walvis Bay,NA,2022-07-28 19:55:19,-22.9575,14.5053,54.09,82,6,4.61,clear sky
303,Catamarca,AR,2022-07-28 19:55:19,-28.4696,-65.7852,61.77,53,3,1.99,clear sky
304,Dindori,IN,2022-07-28 19:55:20,22.95,81.0833,75.65,89,98,2.57,overcast clouds
305,Paita,PE,2022-07-28 19:55:20,-5.0892,-81.1144,70.88,70,5,16.37,clear sky
306,Gander,CA,2022-07-28 19:54:12,48.9682,-54.5906,59.16,82,100,9.22,overcast clouds
307,Mount Gambier,AU,2022-07-28 19:55:06,-37.8333,140.7667,33.71,100,7,0.0,mist
308,Vorukh,TJ,2022-07-28 19:55:21,39.8494,70.5838,73.94,52,86,4.45,overcast clouds
309,Paraiso,CR,2022-07-28 19:55:21,9.8383,-83.8656,72.46,64,99,4.56,overcast clouds
310,Tchollire,CM,2022-07-28 19:55:22,8.4022,14.1698,70.68,95,100,2.73,moderate rain
311,Kabanjahe,ID,2022-07-28 19:55:22,3.1001,98.4908,63.39,97,100,4.43,moderate rain
312,Illapel,CL,2022-07-28 19:55:23,-31.6308,-71.1653,65.93,47,0,3.96,clear sky
313,La Orilla,MX,2022-07-28 19:55:23,17.9833,-102.2333,85.55,64,18,9.66,few clouds
314,Rawson,AR,2022-07-28 19:50:49,-43.3002,-65.1023,52.79,51,5,19.42,clear sky
315,Nome,US,2022-07-28 19:55:23,64.5011,-165.4064,56.16,78,90,2.95,overcast clouds
316,Santa Fe,AR,2022-07-28 19:55:24,-31.6333,-60.7,66.0,32,0,15.01,light rain
317,Kaeo,NZ,2022-07-28 19:55:24,-35.1,173.7833,52.32,83,54,6.04,broken clouds
318,Upington,ZA,2022-07-28 19:55:24,-28.4478,21.2561,55.78,35,0,2.3,clear sky
319,Port-Gentil,GA,2022-07-28 19:55:25,-0.7193,8.7815,75.16,83,40,8.05,scattered clouds
320,Liberia,LR,2022-07-28 19:55:25,6.5,-9.5,69.12,90,55,3.51,broken clouds
321,Marihatag,PH,2022-07-28 19:55:26,8.7936,126.2969,78.57,88,100,7.63,overcast clouds
322,Bolshaya Sosnova,RU,2022-07-28 19:55:26,57.6713,54.6029,62.42,66,85,3.98,overcast clouds
323,Great Yarmouth,GB,2022-07-28 19:52:32,52.6083,1.7305,63.41,71,100,14.99,overcast clouds
324,Tavda,RU,2022-07-28 19:55:27,58.0425,65.2726,54.12,90,28,5.79,scattered clouds
325,Gobabis,NA,2022-07-28 19:55:27,-22.45,18.9667,64.78,26,82,11.9,broken clouds
326,Bambous Virieux,MU,2022-07-28 19:56:27,-20.3428,57.7575,70.05,78,75,6.91,broken clouds
327,Mackay,AU,2022-07-28 19:56:28,-21.15,149.2,51.67,80,94,7.63,overcast clouds
328,Necochea,AR,2022-07-28 19:51:54,-38.5473,-58.7368,47.95,83,100,21.54,overcast clouds
329,Sobolevo,RU,2022-07-28 19:56:28,54.4299,31.8996,55.24,80,0,4.65,clear sky
330,Nanakuli,US,2022-07-28 19:51:44,21.3906,-158.1547,84.15,54,40,6.91,scattered clouds
331,Presque Isle,US,2022-07-28 19:56:29,46.6811,-68.0159,80.85,67,83,6.55,broken clouds
332,Talaya,RU,2022-07-28 19:56:29,61.3833,152.75,55.83,50,97,3.49,overcast clouds
333,Puerto Rondon,CO,2022-07-28 19:56:29,6.2805,-71.1,74.91,92,99,7.25,overcast clouds
334,Gornyak,RU,2022-07-28 19:56:30,50.9942,81.4661,66.54,60,58,5.3,broken clouds
335,San Luis,AR,2022-07-28 19:56:30,-33.295,-66.3356,58.44,29,0,10.69,clear sky
336,Nizhneangarsk,RU,2022-07-28 19:56:31,55.7833,109.55,48.54,100,100,1.74,light rain
337,Matara,LK,2022-07-28 19:56:31,5.9485,80.5353,77.22,92,100,6.29,overcast clouds
338,Luderitz,NA,2022-07-28 19:56:31,-26.6481,15.1594,54.52,86,60,2.68,broken clouds
339,Banting,MY,2022-07-28 19:56:32,2.8167,101.5,80.74,93,79,4.07,broken clouds
340,Hithadhoo,MV,2022-07-28 19:54:37,-0.6,73.0833,82.18,74,100,11.72,overcast clouds
341,Aripuana,BR,2022-07-28 19:56:32,-9.1667,-60.6333,96.64,19,3,0.94,clear sky
342,Sambava,MG,2022-07-28 19:56:33,-14.2667,50.1667,68.68,89,16,11.03,few clouds
343,Galle,LK,2022-07-28 19:56:33,6.0367,80.217,78.42,88,100,8.16,overcast clouds
344,Shenjiamen,CN,2022-07-28 19:56:33,29.9576,122.298,79.79,88,0,7.02,clear sky
345,Anori,BR,2022-07-28 19:56:34,-3.7728,-61.6442,96.17,28,86,0.58,overcast clouds
346,Evensk,RU,2022-07-28 19:56:34,61.95,159.2333,52.2,60,100,3.53,overcast clouds
347,Meulaboh,ID,2022-07-28 19:56:35,4.1363,96.1285,75.61,89,100,2.19,light rain
348,Roseau,DM,2022-07-28 19:56:35,15.3017,-61.3881,92.05,58,20,2.3,few clouds
349,Nagato,JP,2022-07-28 19:56:35,34.3833,131.2,78.35,87,0,4.25,clear sky
350,Aitape,PG,2022-07-28 19:56:36,-3.1374,142.3475,76.84,89,49,5.48,scattered clouds
351,Djenne,ML,2022-07-28 19:56:36,13.9061,-4.5533,89.04,52,100,14.9,overcast clouds
352,Kyra,RU,2022-07-28 19:56:36,49.5776,111.9753,52.79,94,100,2.71,overcast clouds
353,Seoul,KR,2022-07-28 19:54:49,37.5683,126.9778,80.2,81,40,5.75,scattered clouds
354,Aklavik,CA,2022-07-28 19:52:02,68.2191,-135.0107,50.0,93,100,2.3,overcast clouds
355,Flic En Flac,MU,2022-07-28 19:56:37,-20.2742,57.3631,70.36,77,3,9.89,clear sky
356,Ha Giang,VN,2022-07-28 19:56:37,22.8333,104.9833,77.52,98,100,1.52,overcast clouds
357,Qui Nhon,VN,2022-07-28 19:56:38,13.7667,109.2333,78.6,88,36,3.8,scattered clouds
358,Ghanzi,BW,2022-07-28 19:56:38,-21.5667,21.7833,61.75,32,0,11.1,clear sky
359,Iracoubo,GF,2022-07-28 19:56:38,5.4802,-53.2011,81.52,78,87,8.32,overcast clouds
360,Lisburn,GB,2022-07-28 19:56:39,54.5234,-6.0353,61.02,77,42,6.91,scattered clouds
361,Hami,CN,2022-07-28 19:56:39,42.8,93.45,86.86,11,46,14.61,scattered clouds
362,Tukrah,LY,2022-07-28 19:54:12,32.5341,20.5791,80.2,75,0,4.74,clear sky
363,Mehamn,NO,2022-07-28 19:56:39,71.0357,27.8492,49.95,81,75,8.05,light intensity drizzle
364,Adrar,MR,2022-07-28 19:56:40,20.5022,-10.0711,104.36,7,2,8.59,clear sky
365,Anqing,CN,2022-07-28 19:56:40,30.5092,117.0506,77.02,88,100,1.97,overcast clouds
366,Palmeiras De Goias,BR,2022-07-28 19:56:41,-16.805,-49.9258,86.18,20,38,1.81,scattered clouds
367,Palmer,US,2022-07-28 19:54:02,42.1584,-72.3287,89.65,60,75,13.8,broken clouds
368,Ukiah,US,2022-07-28 19:55:38,39.1502,-123.2078,104.43,31,0,4.61,clear sky
369,Nobeoka,JP,2022-07-28 19:56:41,32.5833,131.6667,77.92,92,91,7.83,overcast clouds
370,Klaksvik,FO,2022-07-28 19:56:42,62.2266,-6.589,52.72,91,84,15.01,broken clouds
371,Geraldton,AU,2022-07-28 19:55:11,-28.7667,114.6,57.61,94,40,10.36,scattered clouds
372,Terme,TR,2022-07-28 19:56:42,41.2092,36.9739,68.34,85,0,4.7,clear sky
373,Shalya,RU,2022-07-28 19:57:42,57.2471,58.7298,53.6,85,56,4.25,broken clouds
374,Chalus,IR,2022-07-28 19:57:43,36.655,51.4204,74.66,94,100,0.0,thunderstorm
375,Katakwi,UG,2022-07-28 19:57:43,1.8911,33.9661,65.79,91,99,5.59,light rain
376,Isangel,VU,2022-07-28 19:57:43,-19.55,169.2667,74.34,89,100,11.18,overcast clouds
377,Asau,RO,2022-07-28 19:57:44,46.4333,26.4,70.72,88,100,2.98,overcast clouds
378,Sapa,PH,2022-07-28 19:57:44,5.1544,120.3241,80.74,76,99,2.59,overcast clouds
379,Vostok,RU,2022-07-28 19:57:30,46.4856,135.8833,64.17,95,100,3.36,overcast clouds
380,Karpathos,GR,2022-07-28 19:57:45,35.507,27.2132,75.16,88,0,13.8,clear sky
381,Veraval,IN,2022-07-28 19:57:45,20.9,70.3667,80.76,81,90,10.74,overcast clouds
382,San Rafael,AR,2022-07-28 19:54:26,-34.6177,-68.3301,63.07,15,0,4.5,clear sky
383,Sai Buri,TH,2022-07-28 19:57:45,6.7013,101.6168,76.62,89,89,3.49,overcast clouds
384,Barsovo,RU,2022-07-28 19:57:46,61.1667,73.1667,59.13,76,99,7.25,overcast clouds
385,Sangar,RU,2022-07-28 19:57:46,63.9242,127.4739,65.97,73,6,1.12,clear sky
386,Christchurch,NZ,2022-07-28 19:55:01,-43.5333,172.6333,37.6,100,20,4.61,few clouds
387,Kurchum,KZ,2022-07-28 19:57:47,48.5722,83.6542,71.87,46,24,6.38,few clouds
388,Pasni,PK,2022-07-28 19:57:47,25.2631,63.471,81.68,78,100,8.84,overcast clouds
389,Neiafu,TO,2022-07-28 19:57:47,-18.65,-173.9833,77.68,83,40,13.8,scattered clouds
390,Guerrero Negro,MX,2022-07-28 19:52:50,27.9769,-114.0611,79.21,55,21,13.94,few clouds
391,Rio Piracicaba,BR,2022-07-28 19:57:48,-19.9292,-43.1742,74.62,37,1,4.36,clear sky
392,Caconda,AO,2022-07-28 19:57:48,-13.7333,15.0667,61.48,26,13,2.06,few clouds
393,Belmonte,BR,2022-07-28 19:57:06,-15.8631,-38.8828,73.06,74,1,6.96,clear sky
394,San Patricio,US,2022-07-28 19:57:49,28.017,-97.5169,99.16,41,61,18.86,broken clouds
395,Luau,AO,2022-07-28 19:57:49,-10.7073,22.2247,65.32,29,67,4.09,broken clouds
396,Saint Anthony,US,2022-07-28 19:54:47,45.0205,-93.218,76.78,52,86,1.99,overcast clouds
397,Derzhavinsk,KZ,2022-07-28 19:57:49,51.1,66.3167,58.89,88,66,13.31,broken clouds
398,Lagoa,PT,2022-07-28 19:57:50,39.05,-27.9833,72.34,74,3,4.18,clear sky
399,Yilan,TW,2022-07-28 19:57:50,24.757,121.753,82.9,99,0,4.27,clear sky
400,Bathsheba,BB,2022-07-28 19:56:18,13.2167,-59.5167,88.41,78,40,20.71,scattered clouds
401,Markova,UA,2022-07-28 19:57:51,48.6758,24.4138,62.11,80,30,3.42,scattered clouds
402,Katangli,RU,2022-07-28 19:57:51,51.7102,143.2326,52.56,95,28,3.78,scattered clouds
403,Alice Town,BS,2022-07-28 19:57:51,25.7167,-79.3,83.39,71,0,14.58,clear sky
404,Airai,TL,2022-07-28 19:54:02,-8.9266,125.4092,51.17,80,76,3.85,broken clouds
405,Lebork,PL,2022-07-28 19:57:52,54.5392,17.7501,60.35,88,77,3.0,broken clouds
406,Ancud,CL,2022-07-28 19:53:20,-41.8697,-73.8203,47.52,79,100,4.97,overcast clouds
407,Iranshahr,IR,2022-07-28 19:57:52,27.2025,60.6848,88.14,51,20,6.91,few clouds
408,Bayshore Gardens,US,2022-07-28 19:57:53,27.4253,-82.5904,97.05,55,9,1.01,clear sky
409,Chute-Aux-Outardes,CA,2022-07-28 19:57:53,49.1168,-68.399,64.38,82,0,12.66,clear sky
410,San Quintin,MX,2022-07-28 19:57:01,30.4833,-115.95,74.26,66,9,12.82,clear sky
411,Antalaha,MG,2022-07-28 19:57:53,-14.9003,50.2788,67.28,87,16,7.36,few clouds
412,Deputatskiy,RU,2022-07-28 19:57:54,69.3,139.9,50.23,55,100,4.29,overcast clouds
413,Biak,ID,2022-07-28 19:57:54,-0.9131,122.8766,74.84,89,96,7.02,overcast clouds
414,Musoma,TZ,2022-07-28 19:57:55,-1.5,33.8,71.33,71,55,8.88,broken clouds
415,Saint Helens,GB,2022-07-28 19:57:55,53.45,-2.7333,65.86,76,20,5.75,few clouds
416,Deep River,CA,2022-07-28 19:54:06,46.1001,-77.4995,76.75,84,100,4.23,overcast clouds
417,Conakry,GN,2022-07-28 19:57:55,9.538,-13.6773,78.87,89,75,13.8,broken clouds
418,Northam,GB,2022-07-28 19:57:56,51.0333,-4.2167,63.61,84,15,6.53,few clouds
419,Rafai,CF,2022-07-28 19:57:56,4.95,23.9167,67.69,98,100,2.73,overcast clouds
420,Sinnamary,GF,2022-07-28 19:58:57,5.3833,-52.95,81.0,82,77,8.37,broken clouds
421,Salalah,OM,2022-07-28 19:58:57,17.0151,54.0924,74.95,93,90,5.84,overcast clouds
422,Zhangye,CN,2022-07-28 19:58:57,38.9342,100.4517,72.73,31,2,8.01,clear sky
423,San Juan Del Sur,NI,2022-07-28 19:58:58,11.2529,-85.8705,86.22,66,20,4.61,few clouds
424,Kirkenes,NO,2022-07-28 19:58:58,69.7271,30.0458,50.95,76,75,9.22,broken clouds
425,Berlevag,NO,2022-07-28 19:58:59,70.8578,29.0864,50.0,93,75,13.8,light intensity drizzle
426,Goderich,CA,2022-07-28 19:58:19,43.7501,-81.7165,77.92,65,11,10.36,few clouds
427,Kenai,US,2022-07-28 19:58:59,60.5544,-151.2583,68.02,56,12,6.85,few clouds
428,Nikita,UA,2022-07-28 19:58:59,44.5333,34.2333,66.33,65,0,3.69,clear sky
429,Dunedin,NZ,2022-07-28 19:54:41,-45.8742,170.5036,44.8,75,100,4.0,light rain
430,Tomatlan,MX,2022-07-28 19:59:00,19.9333,-105.25,90.61,49,53,10.85,broken clouds
431,Eraniel,IN,2022-07-28 19:59:00,8.2,77.3,76.37,92,93,6.15,overcast clouds
432,Thunder Bay,CA,2022-07-28 19:59:01,48.4001,-89.3168,64.38,82,75,11.5,broken clouds
433,Yei,SS,2022-07-28 19:59:01,4.095,30.6779,65.82,96,47,0.65,scattered clouds
434,Kavieng,PG,2022-07-28 19:59:01,-2.5744,150.7967,80.83,79,57,17.34,light rain
435,Hervey Bay,AU,2022-07-28 19:59:02,-25.2986,152.8535,56.14,82,0,9.08,clear sky
436,Panzhihua,CN,2022-07-28 19:54:47,26.5851,101.7128,69.4,92,80,1.19,broken clouds
437,Havre-Saint-Pierre,CA,2022-07-28 19:59:02,50.2334,-63.5986,64.76,77,100,14.97,overcast clouds
438,Bougouni,ML,2022-07-28 19:59:03,11.417,-7.479,77.81,77,56,4.32,broken clouds
439,Omboue,GA,2022-07-28 19:58:34,-1.5746,9.2618,71.82,84,89,5.84,overcast clouds
440,West Bay,KY,2022-07-28 19:59:03,19.3667,-81.4167,87.08,78,40,3.44,scattered clouds
441,Kruisfontein,ZA,2022-07-28 19:59:04,-34.0033,24.7314,59.85,65,0,7.76,clear sky
442,Emerald,AU,2022-07-28 19:57:28,-23.5333,148.1667,46.62,71,0,10.38,clear sky
443,Kunashak,RU,2022-07-28 19:59:04,55.7032,61.5498,59.52,79,100,9.66,overcast clouds
444,Todos Santos,MX,2022-07-28 19:59:05,23.45,-110.2167,95.05,80,64,7.47,broken clouds
445,Bayevo,RU,2022-07-28 19:59:05,53.2833,80.7667,63.46,75,53,9.82,broken clouds
446,Shingu,JP,2022-07-28 19:59:06,33.7333,135.9833,76.17,92,68,4.68,broken clouds
447,Lethem,GY,2022-07-28 19:59:06,3.3803,-59.7968,85.14,69,98,3.15,overcast clouds
448,Coffs Harbour,AU,2022-07-28 19:59:06,-30.3,153.1333,49.14,93,75,0.0,broken clouds
449,Slonim,BY,2022-07-28 19:59:07,53.0867,25.3219,56.66,83,89,4.63,overcast clouds
450,Bowen,AU,2022-07-28 19:59:07,-20.0167,148.2333,54.09,81,64,10.16,broken clouds
451,Vuktyl,RU,2022-07-28 19:59:08,63.8567,57.3094,60.64,60,22,5.39,few clouds
452,Arkhipo-Osipovka,RU,2022-07-28 19:59:08,44.37,38.52,72.81,63,0,7.49,clear sky
453,Herzele,BE,2022-07-28 19:59:09,50.8697,3.8931,69.89,44,100,7.52,light rain
454,Luanda,AO,2022-07-28 19:59:09,-8.8368,13.2343,69.33,85,55,10.38,broken clouds
455,Slavyanka,RU,2022-07-28 19:59:09,42.8633,131.3847,70.0,98,100,5.68,overcast clouds
456,Pitimbu,BR,2022-07-28 19:59:10,-7.4706,-34.8086,82.99,80,1,10.0,clear sky
457,Ko Samui,TH,2022-07-28 19:59:10,9.5357,99.9357,82.9,74,23,3.15,few clouds
458,Tuatapere,NZ,2022-07-28 19:59:11,-46.1333,167.6833,40.05,91,91,2.77,overcast clouds
459,Plouzane,FR,2022-07-28 19:59:11,48.3833,-4.6167,66.38,59,0,5.75,clear sky
460,Virginia Beach,US,2022-07-28 19:54:12,36.8529,-75.978,97.02,60,75,9.22,broken clouds
461,Yantal,RU,2022-07-28 19:59:12,56.8471,105.2542,56.34,99,100,5.1,overcast clouds
462,Tabas,IR,2022-07-28 20:00:12,33.5959,56.9244,94.6,19,14,6.29,few clouds
463,Georgiyevka,KZ,2022-07-28 20:00:13,43.0369,74.7114,78.84,44,40,4.47,scattered clouds
464,Vangaindrano,MG,2022-07-28 20:00:13,-23.35,47.6,65.71,92,70,4.68,light rain
465,Shimoda,JP,2022-07-28 19:55:31,34.6667,138.95,76.1,89,98,4.76,overcast clouds
466,Terrace,CA,2022-07-28 19:56:38,54.5163,-128.6035,80.51,47,20,4.61,few clouds
467,Tsiroanomandidy,MG,2022-07-28 20:00:15,-18.7667,46.0333,69.53,51,100,5.44,overcast clouds
468,Sorong,ID,2022-07-28 20:00:16,-0.8833,131.25,77.61,86,71,4.63,broken clouds
469,Conde,BR,2022-07-28 20:00:16,-7.2597,-34.9075,74.7,83,1,10.07,clear sky
470,Cozumel,MX,2022-07-28 20:00:11,20.5083,-86.9458,89.67,65,40,14.0,scattered clouds
471,Ust-Tsilma,RU,2022-07-28 20:00:17,65.441,52.1498,66.09,74,29,4.03,scattered clouds
472,Larsnes,NO,2022-07-28 20:00:18,62.2028,5.5773,63.01,77,25,8.14,scattered clouds
473,Alexandria,EG,2022-07-28 20:00:18,31.2156,29.9553,81.0,66,0,7.9,clear sky
474,Domoni,KM,2022-07-28 20:00:19,-12.2569,44.5319,75.02,79,57,7.9,broken clouds
475,Yaan,NG,2022-07-28 20:00:20,7.3833,8.5667,71.08,97,100,8.99,light rain
476,Mahajanga,MG,2022-07-28 20:00:20,-15.7167,46.3167,73.81,70,90,2.91,overcast clouds
477,Alta Floresta,BR,2022-07-28 20:00:21,-9.8756,-56.0861,95.41,16,5,3.13,clear sky
478,Bure,ET,2022-07-28 20:00:21,10.7,37.0667,55.02,97,100,2.1,light rain
479,Bath,GB,2022-07-28 20:00:22,51.3779,-2.3591,70.88,59,91,3.98,overcast clouds
480,Cedar City,US,2022-07-28 20:00:22,37.6775,-113.0619,82.4,41,22,5.23,few clouds
481,Oktyabrskiy,RU,2022-07-28 20:00:23,54.4815,53.471,58.37,82,100,3.71,overcast clouds
482,Revda,RU,2022-07-28 20:00:23,56.801,59.9303,56.86,83,99,5.59,overcast clouds
483,Itaporanga,BR,2022-07-28 20:00:24,-7.3044,-38.1503,89.35,30,38,9.06,scattered clouds
484,Woodstock,CA,2022-07-28 20:00:24,43.1334,-80.7497,81.43,79,100,11.01,overcast clouds
485,Xai-Xai,MZ,2022-07-28 20:00:25,-25.0519,33.6442,60.64,80,0,6.82,clear sky
486,Coos Bay,US,2022-07-28 19:57:08,43.3665,-124.2179,79.99,100,38,1.01,scattered clouds
487,Scarborough,GB,2022-07-28 20:00:25,54.2797,-0.4044,60.37,80,100,7.0,overcast clouds
488,Huarmey,PE,2022-07-28 20:00:25,-10.0681,-78.1522,68.65,69,13,10.98,few clouds
489,San Juan,AR,2022-07-28 20:00:26,-31.5375,-68.5364,61.72,35,0,4.16,clear sky
490,Haines Junction,CA,2022-07-28 20:00:26,60.7522,-137.5108,50.9,88,100,1.43,overcast clouds
491,Avare,BR,2022-07-28 20:00:25,-23.0986,-48.9258,78.26,30,21,9.95,few clouds
492,Xuddur,SO,2022-07-28 20:00:27,4.1213,43.8894,73.06,63,19,18.86,few clouds
493,Karasburg,NA,2022-07-28 20:00:27,-28.0167,18.75,50.86,51,3,9.24,clear sky
494,Mocuba,MZ,2022-07-28 19:57:01,-16.8392,36.9856,60.76,90,8,3.22,clear sky
495,Lumphat,KH,2022-07-28 20:00:28,13.4878,106.9816,73.96,98,20,0.74,few clouds
496,Jalu,LY,2022-07-28 20:00:28,29.0331,21.5482,88.12,34,0,16.08,clear sky
497,Vila Velha,BR,2022-07-28 19:56:57,-20.3297,-40.2925,78.75,79,20,17.27,few clouds
498,Lucea,JM,2022-07-28 20:00:29,18.451,-78.1736,81.86,70,45,3.8,scattered clouds
499,Kennett,US,2022-07-28 20:00:04,36.2362,-90.0556,85.98,78,0,14.97,clear sky
500,Luganville,VU,2022-07-28 19:58:54,-15.5333,167.1667,77.86,85,100,4.18,overcast clouds
501,Lesnoy,RU,2022-07-28 20:00:30,57.6198,63.0784,54.3,87,64,6.2,broken clouds
502,Mumford,GH,2022-07-28 20:00:30,5.2618,-0.759,75.27,84,70,16.75,broken clouds
503,Flinders,AU,2022-07-28 20:00:30,-34.5833,150.8552,50.18,83,61,5.99,broken clouds
504,Kaabong,UG,2022-07-28 20:00:31,3.4836,34.1492,65.03,66,64,6.62,broken clouds
505,Kurilsk,RU,2022-07-28 20:00:31,45.2333,147.8833,53.71,95,99,5.95,overcast clouds
506,Ahipara,NZ,2022-07-28 20:00:32,-35.1667,173.1667,56.3,73,99,10.71,overcast clouds
507,Zelenoborsk,RU,2022-07-28 20:00:32,61.4669,64.0333,58.33,64,0,3.22,clear sky
508,Salinopolis,BR,2022-07-28 20:01:33,-0.6136,-47.3561,81.84,77,57,9.13,broken clouds
509,Riyadh,SA,2022-07-28 19:59:29,24.6877,46.7219,93.34,36,100,5.23,overcast clouds
510,Sangin,AF,2022-07-28 20:01:33,32.0728,64.8359,91.13,42,92,14.63,overcast clouds
511,Mujiayingzi,CN,2022-07-28 20:01:34,42.1167,118.7833,62.28,87,100,4.29,overcast clouds
512,Zyryanka,RU,2022-07-28 19:59:03,65.75,150.85,51.26,60,1,10.96,clear sky
513,Los Barrios,ES,2022-07-28 20:01:34,36.1848,-5.4921,80.44,61,0,11.5,clear sky
514,Yambio,SS,2022-07-28 20:01:35,4.5721,28.3955,67.17,96,100,1.79,overcast clouds
515,Formosa,AR,2022-07-28 20:01:35,-26.1775,-58.1781,69.66,70,100,15.86,overcast clouds
516,Fare,PF,2022-07-28 20:01:35,-16.7,-151.0167,79.18,72,0,24.72,clear sky
517,Bam,IR,2022-07-28 20:01:36,29.106,58.357,88.2,44,91,4.79,overcast clouds
518,Bambanglipuro,ID,2022-07-28 20:01:36,-7.95,110.2833,72.57,91,73,1.97,broken clouds
519,Tombouctou,ML,2022-07-28 20:01:36,20.0,-3.0,103.44,15,2,8.08,clear sky
520,Kargasok,RU,2022-07-28 20:01:37,59.0556,80.8572,62.17,71,89,9.78,overcast clouds
521,Boralday,KZ,2022-07-28 20:01:37,43.3578,76.8594,76.86,44,75,4.47,broken clouds
522,Inhambane,MZ,2022-07-28 20:01:38,-23.865,35.3833,63.57,72,0,3.69,clear sky
523,Alto Araguaia,BR,2022-07-28 20:01:38,-17.3147,-53.2153,87.82,15,2,6.44,clear sky
524,Esna,EG,2022-07-28 20:01:38,25.2934,32.554,94.19,14,57,8.99,broken clouds
525,Sur,OM,2022-07-28 19:59:42,22.5667,59.5289,82.51,72,100,16.26,overcast clouds
526,Korla,CN,2022-07-28 20:00:39,41.7597,86.1469,90.88,16,99,15.79,overcast clouds
527,Sao Filipe,CV,2022-07-28 20:01:39,14.8961,-24.4956,79.38,79,32,11.5,scattered clouds
528,Haicheng,CN,2022-07-28 20:01:39,40.8516,122.7475,72.63,96,100,8.14,overcast clouds
529,Riverton,US,2022-07-28 20:01:40,40.5219,-111.9391,99.1,23,0,3.0,clear sky
530,Bima,ID,2022-07-28 20:01:40,-8.4667,118.7167,71.29,88,64,3.15,broken clouds
531,Alakurtti,RU,2022-07-28 20:01:40,66.9672,30.3491,50.83,83,100,9.6,overcast clouds
532,Zlatica,ME,2022-07-28 20:01:41,43.1146,19.2668,54.73,92,27,0.83,scattered clouds
533,Gimli,CA,2022-07-28 20:00:34,50.6336,-96.9907,66.31,71,91,15.39,overcast clouds
534,Puerres,CO,2022-07-28 20:01:41,1.1937,-77.2666,60.06,73,80,1.92,light rain
535,Payakumbuh,ID,2022-07-28 20:01:42,-0.2202,100.6308,70.68,95,100,3.2,overcast clouds
536,Asyut,EG,2022-07-28 20:01:42,27.181,31.1837,91.85,14,0,6.4,clear sky
537,Vestmannaeyjar,IS,2022-07-28 19:57:13,63.4427,-20.2734,50.99,81,75,5.75,broken clouds
538,Richards Bay,ZA,2022-07-28 20:01:42,-28.783,32.0377,66.97,79,1,14.38,clear sky
539,Mallaig,CA,2022-07-28 20:01:43,54.2169,-111.3685,80.73,49,0,11.54,clear sky
540,Kavaratti,IN,2022-07-28 19:57:30,10.5669,72.642,81.05,82,100,17.67,overcast clouds
541,Shepsi,RU,2022-07-28 20:01:43,44.0361,39.1489,72.57,69,0,8.05,clear sky
542,Dilla,ET,2022-07-28 20:01:44,6.41,38.31,63.9,83,100,2.98,light rain
543,Nishihara,JP,2022-07-28 20:01:44,26.1842,127.7558,81.68,89,20,6.91,few clouds
544,Wenling,CN,2022-07-28 20:01:44,28.3669,121.36,76.73,87,0,2.91,clear sky
545,La Asuncion,VE,2022-07-28 20:01:45,11.0333,-63.8628,82.13,83,7,11.5,clear sky
546,Saint-Joseph,RE,2022-07-28 20:01:45,-21.3667,55.6167,66.2,82,2,9.22,clear sky
547,Puerto Narino,CO,2022-07-28 20:01:45,-3.7703,-70.3831,83.05,68,99,1.57,overcast clouds
548,Kalmunai,LK,2022-07-28 19:57:40,7.4167,81.8167,79.02,83,100,3.74,moderate rain
549,Sulphur,US,2022-07-28 20:00:26,30.2366,-93.3774,85.98,83,40,3.44,scattered clouds
550,Kabalo,CD,2022-07-28 20:01:46,-6.05,26.9167,82.0,30,9,1.28,clear sky
551,Soc Trang,VN,2022-07-28 20:00:37,9.6033,105.98,78.22,88,5,4.43,clear sky
552,Wamba,NG,2022-07-28 20:01:46,8.9333,8.6,71.49,95,100,2.21,moderate rain
553,Sayansk,RU,2022-07-28 20:01:47,54.1088,102.1648,55.78,84,100,1.86,overcast clouds
554,Slave Lake,CA,2022-07-28 20:01:47,55.2834,-114.769,87.96,37,6,5.08,clear sky
555,Sept-Iles,CA,2022-07-28 20:01:02,50.2001,-66.3821,64.06,81,31,7.0,scattered clouds
556,Chippewa Falls,US,2022-07-28 20:00:12,44.9369,-91.3929,75.72,52,76,14.52,broken clouds
557,Rorvik,NO,2022-07-28 19:57:53,64.8621,11.2373,55.38,87,75,5.75,broken clouds
558,Lasa,IT,2022-07-28 20:02:48,46.6166,10.7002,63.45,94,98,2.44,overcast clouds
559,Belyy Yar,RU,2022-07-28 20:02:48,53.6039,91.3903,57.09,77,0,6.71,clear sky
560,Ha Tinh,VN,2022-07-28 20:02:48,18.3333,105.9,78.4,86,99,2.39,overcast clouds
561,Zavetnoye,RU,2022-07-28 20:02:49,47.1194,43.8903,80.49,41,68,5.91,broken clouds
562,Leningradskiy,RU,2022-07-28 20:02:06,69.3833,178.4167,39.69,79,95,6.22,overcast clouds
563,Buala,SB,2022-07-28 20:02:49,-8.145,159.5921,79.93,81,60,8.81,light rain
564,Coquimbo,CL,2022-07-28 20:02:45,-29.9533,-71.3436,59.18,75,2,8.59,clear sky
565,Nantucket,US,2022-07-28 19:58:32,41.2835,-70.0995,82.09,85,100,15.03,overcast clouds
566,Lodwar,KE,2022-07-28 20:02:50,3.1191,35.5973,84.4,40,28,10.45,scattered clouds
567,Erzin,TR,2022-07-28 20:02:50,36.9559,36.2,78.39,56,0,2.06,clear sky
568,Petropavlovsk-Kamchatskiy,RU,2022-07-28 19:58:13,53.0452,158.6483,52.39,100,75,4.47,fog
569,Chimbote,PE,2022-07-28 19:59:26,-9.0853,-78.5783,67.33,71,88,12.19,overcast clouds
570,Moranbah,AU,2022-07-28 20:02:51,-22.0016,148.0466,47.12,77,0,8.12,clear sky
571,Bulanash,RU,2022-07-28 20:02:51,57.2783,61.9965,54.61,87,86,5.57,overcast clouds
572,Leirvik,NO,2022-07-28 20:02:51,59.7798,5.5005,59.41,82,0,9.22,clear sky
573,San Vicente,AR,2022-07-28 20:02:52,-26.6167,-54.1333,73.54,52,100,3.44,overcast clouds
574,Whitehorse,CA,2022-07-28 20:01:06,60.7161,-135.0538,55.31,71,100,4.0,overcast clouds
575,Ler,SS,2022-07-28 20:02:52,8.3018,30.1418,71.13,96,84,3.85,light rain
576,Riwaka,NZ,2022-07-28 20:02:52,-41.0833,173.0,45.01,89,100,3.42,overcast clouds
577,Guijalo,PH,2022-07-28 20:02:53,13.7373,123.868,80.31,87,99,7.65,overcast clouds
578,Rewa,IN,2022-07-28 20:02:53,24.5333,81.3,82.31,77,98,3.65,overcast clouds
579,Olinda,BR,2022-07-28 19:59:43,-8.0089,-34.8553,78.53,73,20,11.5,few clouds
580,Zvecka,RS,2022-07-28 20:02:53,44.6389,20.1647,77.92,60,4,1.01,clear sky
581,Makakilo City,US,2022-07-28 20:01:25,21.3469,-158.0858,82.15,58,75,5.75,broken clouds
582,Baruun-Urt,MN,2022-07-28 20:02:54,46.6806,113.2792,59.85,62,24,10.92,few clouds
583,Santa Teresa,VE,2022-07-28 20:02:14,10.2341,-66.6631,80.02,87,87,0.49,overcast clouds
584,Yadgir,IN,2022-07-28 20:02:54,16.7667,77.1333,84.38,69,100,2.84,overcast clouds
585,Dicabisagan,PH,2022-07-28 20:02:55,17.0818,122.4157,78.94,90,100,4.56,overcast clouds
586,Vytegra,RU,2022-07-28 20:02:55,61.0064,36.4481,60.37,97,100,6.38,overcast clouds
587,Palora,EC,2022-07-28 20:02:55,-1.7,-77.9333,77.22,70,88,1.92,light rain
588,Elesbao Veloso,BR,2022-07-28 20:02:56,-6.2019,-42.1403,94.39,25,29,4.99,scattered clouds
589,Davila,PH,2022-07-28 20:02:56,18.4726,120.5763,81.25,81,92,3.65,overcast clouds
590,Vanimo,PG,2022-07-28 20:02:56,-2.6741,141.3028,76.21,91,38,5.3,scattered clouds
591,Pakhtakoron,TJ,2022-07-28 20:02:57,40.1571,68.7466,78.66,30,75,1.77,broken clouds
592,Popondetta,PG,2022-07-28 20:02:57,-8.7537,148.2534,72.12,89,44,2.82,scattered clouds
593,Novoorsk,RU,2022-07-28 20:02:57,51.381,58.9813,60.03,70,3,8.59,clear sky
594,Elizabeth City,US,2022-07-28 20:01:37,36.2946,-76.2511,97.02,62,53,13.96,broken clouds
595,Lubbock,US,2022-07-28 20:02:58,33.6001,-101.8338,97.14,24,40,4.61,scattered clouds
596,Karratha,AU,2022-07-28 20:02:58,-20.7377,116.8463,68.29,63,3,7.07,clear sky
597,Nouadhibou,MR,2022-07-28 20:02:59,20.931,-17.0347,73.85,76,0,30.91,clear sky
598,Karaton,ID,2022-07-28 20:02:59,-6.3424,106.1045,75.45,90,100,2.08,overcast clouds
599,Santiago Del Estero,AR,2022-07-28 20:03:00,-27.7951,-64.2615,67.26,37,38,16.82,scattered clouds
600,Yenagoa,NG,2022-07-28 20:04:00,4.9247,6.2642,73.09,95,100,4.99,moderate rain
601,Alice Springs,AU,2022-07-28 20:04:01,-23.7,133.8833,35.15,51,29,0.0,scattered clouds
602,Iroquois Falls,CA,2022-07-28 20:04:01,48.7669,-80.6831,64.22,83,100,7.34,overcast clouds
603,Crepy-En-Valois,FR,2022-07-28 20:04:02,49.2336,2.8881,72.91,42,56,6.6,broken clouds
604,Nicoya,CR,2022-07-28 20:04:02,10.1483,-85.452,84.47,69,100,2.64,overcast clouds
605,Zajas,MK,2022-07-28 20:04:02,41.6072,20.9383,62.49,87,69,1.45,broken clouds
606,Port Moresby,PG,2022-07-28 20:04:03,-9.4431,147.1797,74.1,91,67,7.72,broken clouds
607,Shitanjing,CN,2022-07-28 20:04:03,39.2342,106.3439,73.04,33,0,7.54,clear sky
608,Quepos,CR,2022-07-28 20:04:04,9.4236,-84.1652,80.38,78,100,4.14,overcast clouds
609,Seymchan,RU,2022-07-28 20:04:04,62.8833,152.4333,56.52,44,51,8.55,broken clouds
610,Mikhaylovka,RU,2022-07-28 20:04:05,50.06,43.2379,73.71,52,70,1.9,broken clouds
611,Hambantota,LK,2022-07-28 20:04:05,6.1241,81.1185,78.48,87,100,5.48,overcast clouds
612,Inirida,CO,2022-07-28 19:59:24,3.8653,-67.9239,75.63,88,95,3.71,overcast clouds
613,Parfenyevo,RU,2022-07-28 20:04:06,58.484,43.4088,67.59,69,66,7.61,broken clouds
614,Dongsheng,CN,2022-07-28 20:04:06,39.8161,109.9776,70.65,51,100,16.87,overcast clouds
615,Bar,UA,2022-07-28 20:04:07,49.0772,27.6826,63.99,54,2,8.61,clear sky
616,Turan,VN,2022-07-28 19:59:50,16.0678,108.2208,78.78,89,20,3.44,few clouds
617,Ormara,PK,2022-07-28 20:04:07,25.2088,64.6357,82.02,78,100,14.43,overcast clouds
618,Acapulco,MX,2022-07-28 20:00:18,16.8634,-99.8901,82.96,69,75,3.47,broken clouds
619,Spirovo,RU,2022-07-28 20:04:08,57.419,34.9766,55.62,90,94,4.45,overcast clouds
620,Katherine,AU,2022-07-28 20:04:08,-14.4667,132.2667,59.32,67,60,6.91,broken clouds
621,Laguna,US,2022-07-28 20:04:09,38.421,-121.4238,96.01,36,0,6.91,clear sky
622,Cockburn Town,TC,2022-07-28 20:04:09,21.4612,-71.1419,81.73,73,0,18.03,clear sky
623,Tamandare,BR,2022-07-28 20:04:10,-8.7597,-35.1047,76.19,82,16,5.35,few clouds
624,Salmas,IR,2022-07-28 20:04:10,38.1973,44.7653,75.06,37,0,3.6,clear sky
625,Voh,NC,2022-07-28 20:04:11,-20.9667,164.7,63.28,87,0,5.23,clear sky
626,Provost,CA,2022-07-28 20:04:11,52.3501,-110.2683,81.91,34,0,8.12,clear sky
627,Omis,HR,2022-07-28 20:04:12,43.4447,16.6886,79.18,58,0,4.03,clear sky
628,Sankt Wendel,DE,2022-07-28 20:04:12,49.4667,7.1667,72.05,36,92,6.6,overcast clouds
629,Chuguyevka,RU,2022-07-28 20:04:13,44.1653,133.8633,68.79,98,100,3.11,overcast clouds
630,Tromso,NO,2022-07-28 20:04:13,69.6496,18.957,50.02,81,40,2.3,scattered clouds
631,Calvinia,ZA,2022-07-28 20:04:14,-31.4707,19.776,45.77,80,0,7.05,clear sky
632,Sakakah,SA,2022-07-28 20:00:28,29.9697,40.2064,94.71,10,99,1.97,overcast clouds
633,Sitka,US,2022-07-28 20:04:14,57.0531,-135.33,58.89,88,75,6.91,mist
634,Beidao,CN,2022-07-28 20:04:14,34.5686,105.8933,65.93,69,1,2.95,clear sky
635,Diego De Almagro,CL,2022-07-28 20:04:15,-26.3667,-70.05,76.37,16,90,5.93,overcast clouds
636,Japura,ID,2022-07-28 20:04:15,-0.3167,102.35,74.73,97,91,2.19,overcast clouds
637,Kamiiso,JP,2022-07-28 20:04:16,41.8167,140.65,69.12,92,63,2.04,broken clouds
638,Miandrivazo,MG,2022-07-28 20:04:16,-19.5167,45.4667,73.49,60,95,1.74,overcast clouds
639,Chifeng,CN,2022-07-28 20:04:16,42.2683,118.9636,64.11,86,100,3.89,moderate rain
640,Vestmanna,FO,2022-07-28 20:04:17,62.1564,-7.1664,50.92,93,100,11.5,overcast clouds
641,Venustiano Carranza,MX,2022-07-28 20:04:17,19.43,-99.0992,71.58,43,75,13.8,broken clouds
642,Uturoa,PF,2022-07-28 20:04:18,-16.7333,-151.4333,79.39,72,1,24.9,clear sky
643,Athens,GR,2022-07-28 20:03:16,37.9795,23.7162,86.0,35,0,7.0,clear sky
644,Ojinaga,MX,2022-07-28 20:04:18,29.5667,-104.4167,101.57,36,40,8.05,scattered clouds
645,Half Moon Bay,US,2022-07-28 20:04:19,37.4636,-122.4286,82.81,71,40,18.41,scattered clouds
646,Ampanihy,MG,2022-07-28 20:05:19,-24.7,44.75,61.39,89,12,9.51,few clouds
647,Caravelas,BR,2022-07-28 20:05:09,-17.7125,-39.2481,72.7,72,0,6.38,clear sky
648,Alyangula,AU,2022-07-28 20:05:20,-13.8483,136.4192,67.66,81,71,10.02,broken clouds
649,Tigil,RU,2022-07-28 20:05:21,57.8,158.6667,48.79,82,100,3.94,overcast clouds
650,Lagos,NG,2022-07-28 20:03:55,6.5833,3.75,74.44,88,100,7.25,overcast clouds
651,Guatire,VE,2022-07-28 20:05:21,10.4762,-66.5427,77.11,92,95,2.59,overcast clouds
652,Turochak,RU,2022-07-28 20:05:22,52.2576,87.1224,54.9,89,7,3.02,clear sky
653,Gorontalo,ID,2022-07-28 20:05:22,0.5412,123.0595,73.54,95,78,2.13,light rain
654,Moyale,KE,2022-07-28 20:05:23,3.5167,39.0584,70.2,54,84,10.04,broken clouds
655,Minudasht,IR,2022-07-28 20:05:23,37.2289,55.3747,77.63,88,100,4.03,light rain
656,Darhan,MN,2022-07-28 20:05:23,49.4867,105.9228,50.58,87,12,1.92,few clouds
657,Cardedeu,ES,2022-07-28 20:05:24,41.6398,2.3574,80.69,76,26,3.0,scattered clouds
658,Livingstone,ZM,2022-07-28 20:05:24,-17.8419,25.8543,59.43,42,15,3.96,few clouds
659,Mackenzie,CA,2022-07-28 20:05:21,55.2999,-123.1698,88.86,23,0,5.19,clear sky
660,Skjervoy,NO,2022-07-28 20:05:25,70.0311,20.9714,51.8,71,85,1.83,overcast clouds
661,Issia,CI,2022-07-28 20:05:25,6.4922,-6.5856,72.28,84,35,2.35,scattered clouds
662,Myitkyina,MM,2022-07-28 20:05:26,25.3833,97.4,75.0,95,56,1.86,broken clouds
663,Linqiong,CN,2022-07-28 20:05:18,30.4159,103.4609,74.95,81,72,2.17,broken clouds
664,Shache,CN,2022-07-28 20:05:26,38.4167,77.2406,84.7,20,92,7.87,overcast clouds
665,Goure,NE,2022-07-28 20:05:26,13.9835,10.2704,83.01,56,66,5.48,broken clouds
666,Santa Maria,BR,2022-07-28 20:02:47,-29.6842,-53.8069,61.54,96,100,17.47,moderate rain
667,Ginir,ET,2022-07-28 20:05:27,7.1333,40.7,60.37,66,68,13.11,broken clouds
668,Arequipa,PE,2022-07-28 20:03:45,-16.3989,-71.535,71.91,20,8,10.18,clear sky
669,Labytnangi,RU,2022-07-28 20:05:27,66.6572,66.4183,61.29,67,89,4.85,overcast clouds
670,Florence,IT,2022-07-28 20:05:28,43.7667,11.25,85.68,66,0,10.36,clear sky
671,Wucheng,CN,2022-07-28 20:05:28,29.6008,118.175,74.12,87,100,1.86,overcast clouds
672,Acajutla,SV,2022-07-28 20:05:29,13.5928,-89.8275,81.05,81,100,7.14,overcast clouds
673,Sukpak,RU,2022-07-28 20:05:29,51.6667,94.6333,55.15,61,97,3.87,overcast clouds
674,Muros,ES,2022-07-28 20:05:30,42.7762,-9.0603,73.69,74,0,8.32,clear sky
